{
  "lipforensics": {
    "task": "video",
    "dataset": "lavdf",
    "per_seed": [
      {
        "auc": 0.5018632622030399,
        "ap": 0.48979511219942584,
        "eer": 0.498850893202921,
        "accuracy": 0.49789272030651344,
        "f1": 0.6112775487200783,
        "precision": 0.4932031399578786,
        "recall": 0.803681460104516,
        "count": 26100.0,
        "seed": 0,
        "dataset": "lavdf"
      }
    ],
    "auc": {
      "mean": 0.5018632622030399,
      "ci95": 0.0,
      "std": 0.0
    },
    "eer": {
      "mean": 0.498850893202921,
      "ci95": 0.0,
      "std": 0.0
    },
    "f1": {
      "mean": 0.6112775487200783,
      "ci95": 0.0,
      "std": 0.0
    }
  },
  "ftcn": {
    "task": "video",
    "dataset": "lavdf",
    "per_seed": [
      {
        "auc": 0.48355830525732735,
        "ap": 0.4772308595317395,
        "eer": 0.5124519075790746,
        "accuracy": 0.4903831417624521,
        "f1": 0.605253004896869,
        "precision": 0.48850244323081343,
        "recall": 0.7953357772404649,
        "count": 26100.0,
        "seed": 0,
        "dataset": "lavdf"
      }
    ],
    "auc": {
      "mean": 0.48355830525732735,
      "ci95": 0.0,
      "std": 0.0
    },
    "eer": {
      "mean": 0.5124519075790746,
      "ci95": 0.0,
      "std": 0.0
    },
    "f1": {
      "mean": 0.605253004896869,
      "ci95": 0.0,
      "std": 0.0
    }
  },
  "realforensics": {
    "task": "video",
    "dataset": "lavdf",
    "per_seed": [
      {
        "auc": 0.5132262802916268,
        "ap": 0.49941109822642854,
        "eer": 0.4902295657941593,
        "accuracy": 0.4912260536398467,
        "f1": 0.6588217157832532,
        "precision": 0.4912260536398467,
        "recall": 1.0,
        "count": 26100.0,
        "seed": 0,
        "dataset": "lavdf"
      }
    ],
    "auc": {
      "mean": 0.5132262802916268,
      "ci95": 0.0,
      "std": 0.0
    },
    "eer": {
      "mean": 0.4902295657941593,
      "ci95": 0.0,
      "std": 0.0
    },
    "f1": {
      "mean": 0.6588217157832532,
      "ci95": 0.0,
      "std": 0.0
    }
  }
}