{
  "late_fusion_baseline": {
    "task": "multimodal",
    "dataset": "lavdf",
    "per_seed": [
      {
        "auc": 0.453726074500608,
        "ap": 0.7046222084863568,
        "eer": 0.5365580188277415,
        "accuracy": 0.7337164750957854,
        "f1": 0.8463341293004334,
        "precision": 0.7351540293462395,
        "recall": 0.997134521204543,
        "count": 26100.0,
        "seed": 0,
        "dataset": "lavdf"
      }
    ],
    "auc": {
      "mean": 0.453726074500608,
      "ci95": 0.0,
      "std": 0.0
    },
    "eer": {
      "mean": 0.5365580188277415,
      "ci95": 0.0,
      "std": 0.0
    },
    "f1": {
      "mean": 0.8463341293004334,
      "ci95": 0.0,
      "std": 0.0
    }
  }
}