{
  "aasist": {
    "task": "audio",
    "dataset": "asvspoof2019_la",
    "per_seed": [
      {
        "auc": 0.007982078658750719,
        "ap": 0.7397240639030825,
        "eer": 0.9540503915157473,
        "accuracy": 0.2555694372306526,
        "f1": 0.40695138725802665,
        "precision": 0.7124397979560672,
        "recall": 0.28482201559124637,
        "count": 71237.0,
        "seed": 0,
        "dataset": "asvspoof2019_la"
      }
    ],
    "auc": {
      "mean": 0.007982078658750719,
      "ci95": 0.0,
      "std": 0.0
    },
    "eer": {
      "mean": 0.9540503915157473,
      "ci95": 0.0,
      "std": 0.0
    },
    "f1": {
      "mean": 0.40695138725802665,
      "ci95": 0.0,
      "std": 0.0
    }
  },
  "rawnet2": {
    "task": "audio",
    "dataset": "asvspoof2019_la",
    "per_seed": [
      {
        "auc": 0.018044784347142778,
        "ap": 0.7417239230810803,
        "eer": 0.9287341308310821,
        "accuracy": 0.17882561028678917,
        "f1": 0.3011659578534907,
        "precision": 0.6357812972863917,
        "recall": 0.19731692808615886,
        "count": 71237.0,
        "seed": 0,
        "dataset": "asvspoof2019_la"
      }
    ],
    "auc": {
      "mean": 0.018044784347142778,
      "ci95": 0.0,
      "std": 0.0
    },
    "eer": {
      "mean": 0.9287341308310821,
      "ci95": 0.0,
      "std": 0.0
    },
    "f1": {
      "mean": 0.3011659578534907,
      "ci95": 0.0,
      "std": 0.0
    }
  },
  "lcnn": {
    "task": "audio",
    "dataset": "asvspoof2019_la",
    "per_seed": [
      {
        "auc": 0.14284848587782228,
        "ap": 0.777670512356162,
        "eer": 0.7468501429098615,
        "accuracy": 0.09810912868312816,
        "f1": 0.06662405206729233,
        "precision": 0.46304523424878835,
        "recall": 0.035894305125074355,
        "count": 71237.0,
        "seed": 0,
        "dataset": "asvspoof2019_la"
      }
    ],
    "auc": {
      "mean": 0.14284848587782228,
      "ci95": 0.0,
      "std": 0.0
    },
    "eer": {
      "mean": 0.7468501429098615,
      "ci95": 0.0,
      "std": 0.0
    },
    "f1": {
      "mean": 0.06662405206729233,
      "ci95": 0.0,
      "std": 0.0
    }
  }
}