{
  "xceptionnet": {
    "task": "image",
    "dataset": "ffpp_c23",
    "per_seed": [
      {
        "auc": 0.5542985204081633,
        "ap": 0.8647012605687798,
        "eer": 0.4715,
        "accuracy": 0.7357142857142858,
        "f1": 0.8410880458124552,
        "precision": 0.8428981348637016,
        "recall": 0.8392857142857143,
        "count": 8400.0,
        "seed": 0,
        "dataset": "ffpp_c23"
      }
    ],
    "auc": {
      "mean": 0.5542985204081633,
      "ci95": 0.0,
      "std": 0.0
    },
    "eer": {
      "mean": 0.4715,
      "ci95": 0.0,
      "std": 0.0
    },
    "f1": {
      "mean": 0.8410880458124552,
      "ci95": 0.0,
      "std": 0.0
    }
  },
  "f3net": {
    "task": "image",
    "dataset": "ffpp_c23",
    "per_seed": [
      {
        "auc": 0.5560043877551021,
        "ap": 0.8637063302392152,
        "eer": 0.4635714285714285,
        "accuracy": 0.8005952380952381,
        "f1": 0.8871369853783437,
        "precision": 0.8395612804489223,
        "recall": 0.9404285714285714,
        "count": 8400.0,
        "seed": 0,
        "dataset": "ffpp_c23"
      }
    ],
    "auc": {
      "mean": 0.5560043877551021,
      "ci95": 0.0,
      "std": 0.0
    },
    "eer": {
      "mean": 0.4635714285714285,
      "ci95": 0.0,
      "std": 0.0
    },
    "f1": {
      "mean": 0.8871369853783437,
      "ci95": 0.0,
      "std": 0.0
    }
  },
  "universalfakedetect": {
    "task": "image",
    "dataset": "ffpp_c23",
    "per_seed": [
      {
        "auc": 0.5888339795918367,
        "ap": 0.8865016328587043,
        "eer": 0.44871428571428573,
        "accuracy": 0.20666666666666667,
        "f1": 0.09259259259259259,
        "precision": 0.9883720930232558,
        "recall": 0.04857142857142857,
        "count": 8400.0,
        "seed": 0,
        "dataset": "ffpp_c23"
      }
    ],
    "auc": {
      "mean": 0.5888339795918367,
      "ci95": 0.0,
      "std": 0.0
    },
    "eer": {
      "mean": 0.44871428571428573,
      "ci95": 0.0,
      "std": 0.0
    },
    "f1": {
      "mean": 0.09259259259259259,
      "ci95": 0.0,
      "std": 0.0
    }
  },
  "mat": {
    "task": "image",
    "dataset": "ffpp_c23",
    "per_seed": [
      {
        "auc": 0.5554657653061225,
        "ap": 0.8568667750076906,
        "eer": 0.4662857142857143,
        "accuracy": 0.6601190476190476,
        "f1": 0.779961464354528,
        "precision": 0.8468619246861925,
        "recall": 0.7228571428571429,
        "count": 8400.0,
        "seed": 0,
        "dataset": "ffpp_c23"
      }
    ],
    "auc": {
      "mean": 0.5554657653061225,
      "ci95": 0.0,
      "std": 0.0
    },
    "eer": {
      "mean": 0.4662857142857143,
      "ci95": 0.0,
      "std": 0.0
    },
    "f1": {
      "mean": 0.779961464354528,
      "ci95": 0.0,
      "std": 0.0
    }
  },
  "sbi": {
    "task": "image",
    "dataset": "ffpp_c23",
    "per_seed": [
      {
        "auc": 0.5054046938775509,
        "ap": 0.8348950014041976,
        "eer": 0.4957142857142857,
        "accuracy": 0.7711904761904762,
        "f1": 0.8683561643835617,
        "precision": 0.834078947368421,
        "recall": 0.9055714285714286,
        "count": 8400.0,
        "seed": 0,
        "dataset": "ffpp_c23"
      }
    ],
    "auc": {
      "mean": 0.5054046938775509,
      "ci95": 0.0,
      "std": 0.0
    },
    "eer": {
      "mean": 0.4957142857142857,
      "ci95": 0.0,
      "std": 0.0
    },
    "f1": {
      "mean": 0.8683561643835617,
      "ci95": 0.0,
      "std": 0.0
    }
  }
}